Run Number,Run History Configuration ID,Instance ID,Response Value (y),Censored?,Cutoff Time Used,Seed,Runtime,Run Length,Run Result Code,Run Quality,SMAC Iteration,SMAC Cumulative Runtime,Run Result,Additional Algorithm Run Data,Wall Clock Time,
1,1,1,46.853445861412546,0,3600.0,-1,0.060641999999999995,0.0,1,46.853445861412546,0,0.060641999999999995,SAT,,0.346,
2,1,1,46.853445861412546,0,3600.0,-1,23.842209,0.0,1,46.853445861412546,0,23.902851000000002,SAT,,0.193,
3,1,1,46.853445861412546,0,3600.0,-1,44.372634,0.0,1,46.853445861412546,0,68.275485,SAT,,0.222,
4,2,1,17.878246557899537,0,3600.0,-1,0.128154,0.0,1,17.878246557899537,0,68.403639,SAT,,0.299,
5,3,1,74.78900527045519,0,3600.0,-1,0.19017199999999998,0.0,1,74.78900527045519,0,68.593811,SAT,,0.304,
6,4,1,209.16433520454794,0,3600.0,-1,0.253249,0.0,1,209.16433520454794,0,68.84706,SAT,,0.262,
7,5,1,255.3114520524358,0,3600.0,-1,0.298336,0.0,1,255.3114520524358,0,69.145396,SAT,,0.175,
8,6,1,15.381083272117985,0,3600.0,-1,0.35539,0.0,1,15.381083272117985,0,69.500786,SAT,,0.228,
9,7,1,343.4444401390135,0,3600.0,-1,0.40845899999999996,0.0,1,343.4444401390135,0,69.909245,SAT,,0.224,
10,8,1,29.182807728663732,0,3600.0,-1,0.470861,0.0,1,29.182807728663732,0,70.380106,SAT,,0.288,
11,9,1,149.5181909544015,0,3600.0,-1,0.539048,0.0,1,149.5181909544015,0,70.91915399999999,SAT,,0.244,
12,10,1,18.12266562296923,0,3600.0,-1,0.589197,0.0,1,18.12266562296923,0,71.50835099999999,SAT,,0.146,
13,11,1,22.02980380917762,0,3600.0,-1,0.644446,0.0,1,22.02980380917762,0,72.15279699999999,SAT,,0.174,
14,12,1,138.16037989605948,0,3600.0,-1,0.695403,0.0,1,138.16037989605948,0,72.84819999999999,SAT,,0.118,
15,13,1,81.55642454331013,0,3600.0,-1,0.752006,0.0,1,81.55642454331013,0,73.60020599999999,SAT,,0.127,
16,14,1,25.187338694730265,0,3600.0,-1,0.823919,0.0,1,25.187338694730265,0,74.42412499999999,SAT,,0.323,
17,15,1,236.93305441806103,0,3600.0,-1,0.885629,0.0,1,236.93305441806103,0,75.30975399999998,SAT,,0.235,
18,16,1,23.64721826657369,0,3600.0,-1,0.938179,0.0,1,23.64721826657369,0,76.24793299999999,SAT,,0.281,
19,17,1,46.25068415866056,0,3600.0,-1,0.987632,0.0,1,46.25068415866056,0,77.235565,SAT,,0.183,
20,18,1,37.22202042047756,0,3600.0,-1,1.043738,0.0,1,37.22202042047756,0,78.279303,SAT,,0.254,
21,19,1,43.87042565125667,0,3600.0,-1,1.093537,0.0,1,43.87042565125667,0,79.37284,SAT,,0.236,
22,20,1,12.54231382022624,0,3600.0,-1,1.144507,0.0,1,12.54231382022624,0,80.517347,SAT,,0.191,
23,21,1,180.94529719269107,0,3600.0,-1,1.21127,0.0,1,180.94529719269107,0,81.728617,SAT,,0.165,
24,22,1,38.269674588997965,0,3600.0,-1,1.2692109999999999,0.0,1,38.269674588997965,0,82.997828,SAT,,0.286,
25,23,1,221.62398854863653,0,3600.0,-1,1.322103,0.0,1,221.62398854863653,0,84.319931,SAT,,0.291,
26,24,1,40.02301777478813,0,3600.0,-1,1.382314,0.0,1,40.02301777478813,0,85.70224499999999,SAT,,0.306,
27,25,1,120.29933773905985,0,3600.0,-1,1.4601359999999999,0.0,1,120.29933773905985,0,87.162381,SAT,,0.251,
28,26,1,26.826662493110106,0,3600.0,-1,1.518891,0.0,1,26.826662493110106,0,88.68127199999999,SAT,,0.264,
29,27,1,166.94329382775626,0,3600.0,-1,1.573292,0.0,1,166.94329382775626,0,90.25456399999999,SAT,,0.276,
30,28,1,32.1890057240023,0,3600.0,-1,1.634321,0.0,1,32.1890057240023,0,91.88888499999999,SAT,,0.322,
31,29,1,12.156572841118724,0,3600.0,-1,1.699672,0.0,1,12.156572841118724,0,93.588557,SAT,,0.206,
32,30,1,35.17329024378715,0,3600.0,-1,1.772142,0.0,1,35.17329024378715,0,95.360699,SAT,,0.305,
33,31,1,43.84364028644718,0,3600.0,-1,1.827356,0.0,1,43.84364028644718,0,97.18805499999999,SAT,,0.284,
34,32,1,28.2419424042824,0,3600.0,-1,1.892193,0.0,1,28.2419424042824,0,99.080248,SAT,,0.249,
35,33,1,174.38827797121007,0,3600.0,-1,1.953843,0.0,1,174.38827797121007,0,101.034091,SAT,,0.298,
36,34,1,165.04539626687435,0,3600.0,-1,2.009122,0.0,1,165.04539626687435,0,103.04321300000001,SAT,,0.334,
37,35,1,421.48020135809287,0,3600.0,-1,2.061155,0.0,1,421.48020135809287,0,105.10436800000001,SAT,,0.179,
38,36,1,33.01439498580346,0,3600.0,-1,2.127023,0.0,1,33.01439498580346,0,107.231391,SAT,,0.306,
39,37,1,151.63715853129145,0,3600.0,-1,2.188546,0.0,1,151.63715853129145,0,109.419937,SAT,,0.296,
40,38,1,33.66003010411267,0,3600.0,-1,2.259022,0.0,1,33.66003010411267,0,111.678959,SAT,,0.275,
41,39,1,25.348369991217645,0,3600.0,-1,2.3240119999999997,0.0,1,25.348369991217645,0,114.002971,SAT,,0.334,
42,40,1,28.881749672236676,0,3600.0,-1,2.391371,0.0,1,28.881749672236676,0,116.39434200000001,SAT,,0.267,
43,41,1,129.78726356204885,0,3600.0,-1,2.44715,0.0,1,129.78726356204885,0,118.841492,SAT,,0.235,
44,42,1,46.79712616847647,0,3600.0,-1,2.502759,0.0,1,46.79712616847647,0,121.344251,SAT,,0.288,
45,43,1,26.786657513575012,0,3600.0,-1,2.56066,0.0,1,26.786657513575012,0,123.904911,SAT,,0.251,
46,44,1,116.99034345535165,0,3600.0,-1,2.623783,0.0,1,116.99034345535165,0,126.528694,SAT,,0.237,
47,45,1,77.41283377133003,0,3600.0,-1,2.6792,0.0,1,77.41283377133003,0,129.207894,SAT,,0.253,
48,46,1,8.989656544963193,0,3600.0,-1,2.7403139999999997,0.0,1,8.989656544963193,0,131.94820800000002,SAT,,0.221,
49,47,1,229.99970501285338,0,3600.0,-1,2.798374,0.0,1,229.99970501285338,0,134.74658200000002,SAT,,0.327,
50,48,1,9.784057068501648,0,3600.0,-1,2.855769,0.0,1,9.784057068501648,0,137.60235100000003,SAT,,0.267,
51,49,1,21.75050829888813,0,3600.0,-1,2.913045,0.0,1,21.75050829888813,0,140.51539600000004,SAT,,0.363,
52,50,1,74.42818887908248,0,3600.0,-1,2.971342,0.0,1,74.42818887908248,0,143.48673800000003,SAT,,0.303,
53,51,1,422.4482681602507,0,3600.0,-1,3.026494,0.0,1,422.4482681602507,0,146.51323200000004,SAT,,0.316,
54,52,1,59.15979292282943,0,3600.0,-1,3.082764,0.0,1,59.15979292282943,0,149.59599600000004,SAT,,0.396,
55,53,1,143.80320405909785,0,3600.0,-1,3.154683,0.0,1,143.80320405909785,0,152.75067900000005,SAT,,0.382,
56,54,1,243.17422434194253,0,3600.0,-1,3.217253,0.0,1,243.17422434194253,0,155.96793200000005,SAT,,0.26,
57,55,1,18.075780312017628,0,3600.0,-1,3.279958,0.0,1,18.075780312017628,0,159.24789000000004,SAT,,0.338,
58,56,1,54.38790275942892,0,3600.0,-1,3.346193,0.0,1,54.38790275942892,0,162.59408300000004,SAT,,0.277,
59,57,1,92.1053581144262,0,3600.0,-1,3.4085900000000002,0.0,1,92.1053581144262,0,166.00267300000004,SAT,,0.142,
60,58,1,54.35228009285129,0,3600.0,-1,3.469512,0.0,1,54.35228009285129,0,169.47218500000005,SAT,,0.297,
61,59,1,241.4055915284705,0,3600.0,-1,3.530162,0.0,1,241.4055915284705,0,173.00234700000004,SAT,,0.269,
62,60,1,45.11824427864781,0,3600.0,-1,3.593232,0.0,1,45.11824427864781,0,176.59557900000004,SAT,,0.347,
63,61,1,16.329603522527236,0,3600.0,-1,3.649472,0.0,1,16.329603522527236,0,180.24505100000005,SAT,,0.334,
64,62,1,13.90172353488806,0,3600.0,-1,3.713972,0.0,1,13.90172353488806,0,183.95902300000006,SAT,,0.322,
65,63,1,38.267759955919736,0,3600.0,-1,3.773288,0.0,1,38.267759955919736,0,187.73231100000007,SAT,,0.284,
66,64,1,52.723155531252694,0,3600.0,-1,3.832386,0.0,1,52.723155531252694,0,191.56469700000008,SAT,,0.362,
67,65,1,6.025413922975046,0,3600.0,-1,3.886165,0.0,1,6.025413922975046,0,195.4508620000001,SAT,,0.29,
68,66,1,28.176850000937375,0,3600.0,-1,3.950233,0.0,1,28.176850000937375,0,199.40109500000008,SAT,,0.325,
69,67,1,148.87899774734092,0,3600.0,-1,4.004307,0.0,1,148.87899774734092,0,203.4054020000001,SAT,,0.315,
70,68,1,201.92864397525068,0,3600.0,-1,4.059892,0.0,1,201.92864397525068,0,207.46529400000009,SAT,,0.316,
71,69,1,155.08383581340448,0,3600.0,-1,4.11961,0.0,1,155.08383581340448,0,211.58490400000008,SAT,,0.308,
72,70,1,28.627233662383503,0,3600.0,-1,4.178768,0.0,1,28.627233662383503,0,215.76367200000007,SAT,,0.337,
73,71,1,77.7331664682901,0,3600.0,-1,4.244584,0.0,1,77.7331664682901,0,220.00825600000007,SAT,,0.419,
74,72,1,79.46069993198276,0,3600.0,-1,4.309937,0.0,1,79.46069993198276,0,224.31819300000006,SAT,,0.279,
75,73,1,115.84252519566769,0,3600.0,-1,4.3758,0.0,1,115.84252519566769,0,228.69399300000006,SAT,,0.295,
76,74,1,54.36897773615375,0,3600.0,-1,4.43653,0.0,1,54.36897773615375,0,233.13052300000007,SAT,,0.272,
77,75,1,28.258204387874283,0,3600.0,-1,4.48935,0.0,1,28.258204387874283,0,237.61987300000007,SAT,,0.148,
78,76,1,36.79432380123761,0,3600.0,-1,4.54742,0.0,1,36.79432380123761,0,242.16729300000006,SAT,,0.347,
79,77,1,380.45915723807013,0,3600.0,-1,4.609159,0.0,1,380.45915723807013,0,246.77645200000006,SAT,,0.243,
80,78,1,66.13039094394082,0,3600.0,-1,4.656745,0.0,1,66.13039094394082,0,251.43319700000006,SAT,,0.263,
81,79,1,98.39621331251774,0,3600.0,-1,4.723812,0.0,1,98.39621331251774,0,256.1570090000001,SAT,,0.279,
82,80,1,30.548555589661177,0,3600.0,-1,4.777539,0.0,1,30.548555589661177,0,260.93454800000006,SAT,,0.223,
83,81,1,87.8893122014936,0,3600.0,-1,4.840339,0.0,1,87.8893122014936,0,265.77488700000004,SAT,,0.286,
84,82,1,36.940597496777954,0,3600.0,-1,4.890871,0.0,1,36.940597496777954,0,270.66575800000004,SAT,,0.282,
85,83,1,1.965494925045265,0,3600.0,-1,4.947216,0.0,1,1.965494925045265,0,275.61297400000007,SAT,,0.24,
86,84,1,79.3397197090553,0,3600.0,-1,5.006322,0.0,1,79.3397197090553,0,280.6192960000001,SAT,,0.266,
87,85,1,14.154101153200063,0,3600.0,-1,5.076593,0.0,1,14.154101153200063,0,285.6958890000001,SAT,,0.261,
88,86,1,122.77780328689417,0,3600.0,-1,5.139763,0.0,1,122.77780328689417,0,290.8356520000001,SAT,,0.202,
89,87,1,29.641548447357017,0,3600.0,-1,5.190416,0.0,1,29.641548447357017,0,296.0260680000001,SAT,,0.314,
90,88,1,31.981870048231244,0,3600.0,-1,5.245823,0.0,1,31.981870048231244,0,301.2718910000001,SAT,,0.242,
91,89,1,78.36221956115412,0,3600.0,-1,5.31744,0.0,1,78.36221956115412,0,306.5893310000001,SAT,,0.306,
92,90,1,84.84577360433624,0,3600.0,-1,5.398643,0.0,1,84.84577360433624,0,311.98797400000007,SAT,,0.297,
93,91,1,94.31430830751353,0,3600.0,-1,5.462586,0.0,1,94.31430830751353,0,317.45056000000005,SAT,,0.273,
94,92,1,38.58766162685396,0,3600.0,-1,5.519847,0.0,1,38.58766162685396,0,322.9704070000001,SAT,,0.294,
95,93,1,177.38204759112455,0,3600.0,-1,5.583886,0.0,1,177.38204759112455,0,328.5542930000001,SAT,,0.285,
96,94,1,104.07750142955285,0,3600.0,-1,5.640643,0.0,1,104.07750142955285,0,334.1949360000001,SAT,,0.475,
97,95,1,39.46430319702246,0,3600.0,-1,5.705781,0.0,1,39.46430319702246,0,339.9007170000001,SAT,,0.313,
98,96,1,90.62760292810076,0,3600.0,-1,5.772663,0.0,1,90.62760292810076,0,345.6733800000001,SAT,,0.301,
99,97,1,116.36538191269052,0,3600.0,-1,5.843057,0.0,1,116.36538191269052,0,351.5164370000001,SAT,,0.271,
100,98,1,133.60047529161102,0,3600.0,-1,5.921828,0.0,1,133.60047529161102,0,357.4382650000001,SAT,,0.362,
101,99,1,58.13776539971467,0,3600.0,-1,5.998498,0.0,1,58.13776539971467,0,363.4367630000001,SAT,,0.3,
102,100,1,104.0771304344759,0,3600.0,-1,6.047242,0.0,1,104.0771304344759,0,369.4840050000001,SAT,,0.241,
103,101,1,197.380086320345,0,3600.0,-1,23.898119,0.0,1,197.380086320345,0,393.3821240000001,SAT,,0.192,
104,102,1,55.5111391158244,0,3600.0,-1,23.95997,0.0,1,55.5111391158244,0,417.3420940000001,SAT,,0.194,
105,103,1,134.2429937536789,0,3600.0,-1,24.019142,0.0,1,134.2429937536789,0,441.3612360000001,SAT,,0.363,
106,104,1,7.283042592203119,0,3600.0,-1,24.08235,0.0,1,7.283042592203119,0,465.4435860000001,SAT,,0.295,
107,105,1,27.257737684969925,0,3600.0,-1,24.162099,0.0,1,27.257737684969925,0,489.6056850000001,SAT,,0.336,
108,106,1,95.79817758915051,0,3600.0,-1,24.208022,0.0,1,95.79817758915051,0,513.8137070000001,SAT,,0.227,
109,107,1,24.920452830479718,0,3600.0,-1,24.27426,0.0,1,24.920452830479718,0,538.0879670000002,SAT,,0.248,
110,108,1,40.483092665555404,0,3600.0,-1,24.343965,0.0,1,40.483092665555404,0,562.4319320000002,SAT,,0.431,
111,109,1,9.054288526546461,0,3600.0,-1,24.411117,0.0,1,9.054288526546461,0,586.8430490000002,SAT,,0.295,
112,110,1,55.07270006475762,0,3600.0,-1,24.472763,0.0,1,55.07270006475762,0,611.3158120000002,SAT,,0.345,
113,111,1,227.62194289585122,0,3600.0,-1,24.534056,0.0,1,227.62194289585122,0,635.8498680000001,SAT,,0.367,
114,112,1,254.71839775884467,0,3600.0,-1,24.606194,0.0,1,254.71839775884467,0,660.4560620000001,SAT,,0.296,
115,113,1,2.7885595252204247,0,3600.0,-1,24.667575,0.0,1,2.7885595252204247,0,685.1236370000001,SAT,,0.363,
116,114,1,147.5296315493442,0,3600.0,-1,24.72013,0.0,1,147.5296315493442,0,709.8437670000002,SAT,,0.276,
117,115,1,43.02939322231883,0,3600.0,-1,24.786329,0.0,1,43.02939322231883,0,734.6300960000002,SAT,,0.328,
118,116,1,212.03120466729663,0,3600.0,-1,24.840607,0.0,1,212.03120466729663,0,759.4707030000002,SAT,,0.226,
119,117,1,97.88215982949457,0,3600.0,-1,24.901063,0.0,1,97.88215982949457,0,784.3717660000002,SAT,,0.233,
120,118,1,310.0948564847986,0,3600.0,-1,24.967081,0.0,1,310.0948564847986,0,809.3388470000002,SAT,,0.273,
121,119,1,66.79620985365031,0,3600.0,-1,25.018349,0.0,1,66.79620985365031,0,834.3571960000002,SAT,,0.322,
122,120,1,238.58017113539825,0,3600.0,-1,25.0711,0.0,1,238.58017113539825,0,859.4282960000002,SAT,,0.276,
123,121,1,43.87116735974507,0,3600.0,-1,25.156926,0.0,1,43.87116735974507,0,884.5852220000002,SAT,,0.313,
124,122,1,13.291186532678173,0,3600.0,-1,25.226415,0.0,1,13.291186532678173,0,909.8116370000001,SAT,,0.25,
125,123,1,6.976226408644568,0,3600.0,-1,25.285448,0.0,1,6.976226408644568,0,935.0970850000001,SAT,,0.268,
126,124,1,28.426957718435478,0,3600.0,-1,25.338985,0.0,1,28.426957718435478,0,960.4360700000001,SAT,,0.321,
127,125,1,8.673329062056101,0,3600.0,-1,25.422064,0.0,1,8.673329062056101,0,985.8581340000001,SAT,,0.255,
128,126,1,195.33529657114835,0,3600.0,-1,25.475147,0.0,1,195.33529657114835,0,1011.333281,SAT,,0.242,
129,127,1,150.8957398667122,0,3600.0,-1,25.530271,0.0,1,150.8957398667122,0,1036.863552,SAT,,0.247,
130,128,1,224.4962102882016,0,3600.0,-1,25.59539,0.0,1,224.4962102882016,0,1062.458942,SAT,,0.428,
131,129,1,210.20571185522417,0,3600.0,-1,25.649765,0.0,1,210.20571185522417,0,1088.1087069999999,SAT,,0.235,
132,130,1,76.16844529424007,0,3600.0,-1,25.701555,0.0,1,76.16844529424007,0,1113.810262,SAT,,0.274,
133,131,1,42.08666155251888,0,3600.0,-1,25.775812,0.0,1,42.08666155251888,0,1139.586074,SAT,,0.326,
134,132,1,119.9367512839664,0,3600.0,-1,25.839012,0.0,1,119.9367512839664,0,1165.425086,SAT,,0.26,
135,133,1,72.46855075292072,0,3600.0,-1,25.917233,0.0,1,72.46855075292072,0,1191.3423189999999,SAT,,0.237,
136,134,1,123.84913077036742,0,3600.0,-1,25.978031,0.0,1,123.84913077036742,0,1217.32035,SAT,,0.223,
137,135,1,14.192826846757516,0,3600.0,-1,26.044128,0.0,1,14.192826846757516,0,1243.364478,SAT,,0.354,
138,136,1,28.32370931758634,0,3600.0,-1,26.117081,0.0,1,28.32370931758634,0,1269.481559,SAT,,0.25,
139,137,1,5.265751528836516,0,3600.0,-1,26.175459,0.0,1,5.265751528836516,0,1295.657018,SAT,,0.213,
140,138,1,156.70082528721773,0,3600.0,-1,26.231891,0.0,1,156.70082528721773,0,1321.888909,SAT,,0.203,
141,139,1,10.407599886018344,0,3600.0,-1,26.306198,0.0,1,10.407599886018344,0,1348.195107,SAT,,0.283,
142,140,1,59.44269403445872,0,3600.0,-1,26.370373,0.0,1,59.44269403445872,0,1374.56548,SAT,,0.133,
143,141,1,11.454426020360557,0,3600.0,-1,26.444382,0.0,1,11.454426020360557,0,1401.0098619999999,SAT,,0.244,
144,142,1,33.66988157011258,0,3600.0,-1,26.507073,0.0,1,33.66988157011258,0,1427.5169349999999,SAT,,0.331,
145,143,1,23.42766310685804,0,3600.0,-1,26.569448,0.0,1,23.42766310685804,0,1454.0863829999998,SAT,,0.412,
146,144,1,178.65785823348605,0,3600.0,-1,26.647455,0.0,1,178.65785823348605,0,1480.7338379999999,SAT,,0.419,
147,145,1,10.0142021486921,0,3600.0,-1,26.706478,0.0,1,10.0142021486921,0,1507.440316,SAT,,0.325,
148,146,1,53.127001246429586,0,3600.0,-1,26.767908,0.0,1,53.127001246429586,0,1534.208224,SAT,,0.305,
149,147,1,84.01171300319692,0,3600.0,-1,26.830834,0.0,1,84.01171300319692,0,1561.039058,SAT,,0.312,
150,148,1,74.94075924004204,0,3600.0,-1,26.899978,0.0,1,74.94075924004204,0,1587.939036,SAT,,0.308,
151,149,1,12.818993372938507,0,3600.0,-1,26.970058,0.0,1,12.818993372938507,0,1614.909094,SAT,,0.367,
152,150,1,16.15170488566735,0,3600.0,-1,27.023587,0.0,1,16.15170488566735,0,1641.932681,SAT,,0.256,
153,151,1,61.40037020268043,0,3600.0,-1,27.087656,0.0,1,61.40037020268043,0,1669.020337,SAT,,0.231,
154,152,1,44.290599081935156,0,3600.0,-1,27.154152,0.0,1,44.290599081935156,0,1696.174489,SAT,,0.246,
155,153,1,231.51085531374187,0,3600.0,-1,27.216054,0.0,1,231.51085531374187,0,1723.390543,SAT,,0.342,
156,154,1,35.6778886377931,0,3600.0,-1,27.279768,0.0,1,35.6778886377931,0,1750.670311,SAT,,0.311,
157,155,1,20.064884710048894,0,3600.0,-1,27.34736,0.0,1,20.064884710048894,0,1778.017671,SAT,,0.316,
158,156,1,111.02197419401725,0,3600.0,-1,27.409443,0.0,1,111.02197419401725,0,1805.427114,SAT,,0.221,
159,157,1,71.69138903095381,0,3600.0,-1,27.470146,0.0,1,71.69138903095381,0,1832.8972600000002,SAT,,0.304,
160,158,1,171.07166860144693,0,3600.0,-1,27.526305,0.0,1,171.07166860144693,0,1860.4235650000003,SAT,,0.215,
161,159,1,6.620120648074014,0,3600.0,-1,27.584507,0.0,1,6.620120648074014,0,1888.0080720000003,SAT,,0.31,
162,160,1,62.05875992565032,0,3600.0,-1,27.637194,0.0,1,62.05875992565032,0,1915.6452660000002,SAT,,0.167,
163,161,1,1.9824748834582966,0,3600.0,-1,27.698538,0.0,1,1.9824748834582966,0,1943.3438040000003,SAT,,0.36,
164,162,1,12.71009616739046,0,3600.0,-1,27.765662,0.0,1,12.71009616739046,0,1971.1094660000003,SAT,,0.436,
165,163,1,11.075257650815816,0,3600.0,-1,27.822976,0.0,1,11.075257650815816,0,1998.9324420000003,SAT,,0.212,
166,164,1,15.552677629844396,0,3600.0,-1,27.882455,0.0,1,15.552677629844396,0,2026.8148970000002,SAT,,0.367,
167,165,1,10.66132885508023,0,3600.0,-1,27.938881,0.0,1,10.66132885508023,0,2054.7537780000002,SAT,,0.203,
168,166,1,254.7018585141023,0,3600.0,-1,28.000923,0.0,1,254.7018585141023,0,2082.7547010000003,SAT,,0.237,
169,167,1,9.356932094192913,0,3600.0,-1,28.064416,0.0,1,9.356932094192913,0,2110.8191170000005,SAT,,0.272,
170,168,1,8.338958049880187,0,3600.0,-1,28.127656,0.0,1,8.338958049880187,0,2138.9467730000006,SAT,,0.317,
171,169,1,9.841269412134345,0,3600.0,-1,28.183031,0.0,1,9.841269412134345,0,2167.1298040000006,SAT,,0.323,
172,170,1,48.460209252175495,0,3600.0,-1,28.25212,0.0,1,48.460209252175495,0,2195.3819240000007,SAT,,0.246,
173,171,1,6.813505067355348,0,3600.0,-1,28.324715,0.0,1,6.813505067355348,0,2223.706639000001,SAT,,0.354,
174,172,1,107.92100761424604,0,3600.0,-1,28.389852,0.0,1,107.92100761424604,0,2252.0964910000007,SAT,,0.334,
175,173,1,8.157980321381064,0,3600.0,-1,28.458258999999998,0.0,1,8.157980321381064,0,2280.5547500000007,SAT,,0.338,
176,174,1,87.40368994423835,0,3600.0,-1,28.525888,0.0,1,87.40368994423835,0,2309.080638000001,SAT,,0.254,
177,175,1,10.815517393197984,0,3600.0,-1,28.584382,0.0,1,10.815517393197984,0,2337.665020000001,SAT,,0.248,
178,176,1,28.163029770769022,0,3600.0,-1,28.648281,0.0,1,28.163029770769022,0,2366.313301000001,SAT,,0.304,
179,177,1,7.2113363981666225,0,3600.0,-1,28.71219,0.0,1,7.2113363981666225,0,2395.0254910000012,SAT,,0.181,
180,178,1,408.3137516839539,0,3600.0,-1,28.767526,0.0,1,408.3137516839539,0,2423.7930170000013,SAT,,0.195,
181,179,1,254.04212627999215,0,3600.0,-1,28.827344,0.0,1,254.04212627999215,0,2452.620361000001,SAT,,0.259,
182,180,1,43.501464401832614,0,3600.0,-1,28.875965,0.0,1,43.501464401832614,0,2481.4963260000013,SAT,,0.179,
183,181,1,14.519513289534915,0,3600.0,-1,28.927484,0.0,1,14.519513289534915,0,2510.423810000001,SAT,,0.16,
184,182,1,63.15206041518101,0,3600.0,-1,28.97746,0.0,1,63.15206041518101,0,2539.401270000001,SAT,,0.225,
185,183,1,2.0518822529819563,0,3600.0,-1,29.036579,0.0,1,2.0518822529819563,0,2568.4378490000013,SAT,,0.183,
186,184,1,12.593196654399867,0,3600.0,-1,29.089222,0.0,1,12.593196654399867,0,2597.5270710000013,SAT,,0.141,
187,185,1,83.41401409178042,0,3600.0,-1,29.166475,0.0,1,83.41401409178042,0,2626.6935460000013,SAT,,0.314,
188,186,1,53.108211345371885,0,3600.0,-1,29.226633,0.0,1,53.108211345371885,0,2655.9201790000016,SAT,,0.263,
189,187,1,3.1954123021083056,0,3600.0,-1,29.290511,0.0,1,3.1954123021083056,0,2685.2106900000017,SAT,,0.248,
190,188,1,13.89857034361248,0,3600.0,-1,29.345765,0.0,1,13.89857034361248,0,2714.5564550000017,SAT,,0.161,
191,189,1,242.00660336735928,0,3600.0,-1,29.399456,0.0,1,242.00660336735928,0,2743.955911000002,SAT,,0.228,
192,190,1,59.7922927226691,0,3600.0,-1,29.453639,0.0,1,59.7922927226691,0,2773.4095500000017,SAT,,0.216,
193,191,1,9.663286710271915,0,3600.0,-1,29.504601,0.0,1,9.663286710271915,0,2802.9141510000018,SAT,,0.116,
194,192,1,13.629592003483644,0,3600.0,-1,29.570045,0.0,1,13.629592003483644,0,2832.4841960000017,SAT,,0.28,
195,193,1,9.959252139281878,0,3600.0,-1,29.635711,0.0,1,9.959252139281878,0,2862.1199070000016,SAT,,0.292,
196,194,1,100.55560629908695,0,3600.0,-1,29.696824,0.0,1,100.55560629908695,0,2891.8167310000017,SAT,,0.314,
197,195,1,8.735296578420915,0,3600.0,-1,29.76188,0.0,1,8.735296578420915,0,2921.5786110000017,SAT,,0.288,
198,196,1,3.4549084397576113,0,3600.0,-1,29.825916,0.0,1,3.4549084397576113,0,2951.4045270000015,SAT,,0.274,
199,197,1,73.93591139416787,0,3600.0,-1,29.876969,0.0,1,73.93591139416787,0,2981.2814960000014,SAT,,0.298,
200,198,1,46.18958878706559,0,3600.0,-1,29.933595,0.0,1,46.18958878706559,0,3011.2150910000014,SAT,,0.198,
201,199,1,15.638405060727196,0,3600.0,-1,29.99699,0.0,1,15.638405060727196,0,3041.2120810000015,SAT,,0.271,
202,200,1,146.3587061131768,0,3600.0,-1,44.439635,0.0,1,146.3587061131768,0,3085.6517160000017,SAT,,0.3,
203,201,1,147.68154522559587,0,3600.0,-1,44.498142,0.0,1,147.68154522559587,0,3130.1498580000016,SAT,,0.235,
204,202,1,64.7171750022065,0,3600.0,-1,44.566061,0.0,1,64.7171750022065,0,3174.7159190000016,SAT,,0.259,
205,203,1,107.76736289372275,0,3600.0,-1,44.628434,0.0,1,107.76736289372275,0,3219.344353000002,SAT,,0.368,
206,204,1,30.46546988140198,0,3600.0,-1,44.686793,0.0,1,30.46546988140198,0,3264.0311460000016,SAT,,0.205,
207,205,1,106.77252955053785,0,3600.0,-1,44.744128,0.0,1,106.77252955053785,0,3308.7752740000014,SAT,,0.316,
208,206,1,88.48919167625765,0,3600.0,-1,44.802327,0.0,1,88.48919167625765,0,3353.5776010000013,SAT,,0.303,
209,207,1,142.47793311298997,0,3600.0,-1,44.867188,0.0,1,142.47793311298997,0,3398.4447890000015,SAT,,0.338,
210,208,1,22.007878342044783,0,3600.0,-1,44.924948,0.0,1,22.007878342044783,0,3443.3697370000014,SAT,,0.37,
211,209,1,91.96629941902766,0,3600.0,-1,44.983768,0.0,1,91.96629941902766,0,3488.3535050000014,SAT,,0.277,
212,210,1,25.86288718179853,0,3600.0,-1,45.028449,0.0,1,25.86288718179853,0,3533.3819540000013,SAT,,0.306,
213,211,1,54.18962196957675,0,3600.0,-1,45.091537,0.0,1,54.18962196957675,0,3578.473491000001,SAT,,0.3,
214,212,1,26.162278900628603,0,3600.0,-1,45.158016,0.0,1,26.162278900628603,0,3623.631507000001,SAT,,0.28,
215,213,1,62.93806623371791,0,3600.0,-1,45.225174,0.0,1,62.93806623371791,0,3668.856681000001,SAT,,0.247,
216,214,1,29.088939851039925,0,3600.0,-1,45.278145,0.0,1,29.088939851039925,0,3714.1348260000013,SAT,,0.227,
217,215,1,10.092039542411868,0,3600.0,-1,45.334574,0.0,1,10.092039542411868,0,3759.4694000000013,SAT,,0.287,
218,216,1,9.757951800414025,0,3600.0,-1,45.39735,0.0,1,9.757951800414025,0,3804.8667500000015,SAT,,0.24,
219,217,1,17.22622223688088,0,3600.0,-1,45.463202,0.0,1,17.22622223688088,0,3850.3299520000014,SAT,,0.335,
220,218,1,25.175145088767643,0,3600.0,-1,45.522875,0.0,1,25.175145088767643,0,3895.8528270000015,SAT,,0.252,
221,219,1,28.967053673836972,0,3600.0,-1,45.572211,0.0,1,28.967053673836972,0,3941.4250380000017,SAT,,0.168,
222,220,1,18.70887577015062,0,3600.0,-1,45.622048,0.0,1,18.70887577015062,0,3987.047086000002,SAT,,0.161,
223,221,1,185.68897443137485,0,3600.0,-1,45.672396,0.0,1,185.68897443137485,0,4032.719482000002,SAT,,0.255,
224,222,1,35.7144258763972,0,3600.0,-1,45.726618,0.0,1,35.7144258763972,0,4078.446100000002,SAT,,0.181,
225,223,1,33.193815798112176,0,3600.0,-1,45.804043,0.0,1,33.193815798112176,0,4124.250143000002,SAT,,0.353,
226,224,1,39.758225951006395,0,3600.0,-1,45.85999,0.0,1,39.758225951006395,0,4170.110133000002,SAT,,0.14,
227,225,1,49.778372317177556,0,3600.0,-1,45.914982,0.0,1,49.778372317177556,0,4216.025115000002,SAT,,0.222,
228,226,1,39.815067733669835,0,3600.0,-1,45.970464,0.0,1,39.815067733669835,0,4261.995579000002,SAT,,0.213,
229,227,1,182.2783363710665,0,3600.0,-1,46.021356,0.0,1,182.2783363710665,0,4308.016935000002,SAT,,0.255,
230,228,1,21.789385173931066,0,3600.0,-1,46.09195,0.0,1,21.789385173931066,0,4354.108885000002,SAT,,0.295,
231,229,1,35.08623756890569,0,3600.0,-1,46.152242,0.0,1,35.08623756890569,0,4400.2611270000025,SAT,,0.263,
232,230,1,5.273945079340939,0,3600.0,-1,46.205496,0.0,1,5.273945079340939,0,4446.466623000002,SAT,,0.235,
233,231,1,72.65167595657401,0,3600.0,-1,46.260129,0.0,1,72.65167595657401,0,4492.726752000002,SAT,,0.227,
234,232,1,13.27610179660676,0,3600.0,-1,46.326382,0.0,1,13.27610179660676,0,4539.0531340000025,SAT,,0.349,
235,233,1,112.34146981208855,0,3600.0,-1,46.380726,0.0,1,112.34146981208855,0,4585.433860000003,SAT,,0.18,
236,234,1,3.0038084328266272,0,3600.0,-1,46.442463,0.0,1,3.0038084328266272,0,4631.876323000003,SAT,,0.186,
237,235,1,301.16578732133735,0,3600.0,-1,46.502963,0.0,1,301.16578732133735,0,4678.379286000003,SAT,,0.275,
238,236,1,15.27610179660676,0,3600.0,-1,46.554885,0.0,1,15.27610179660676,0,4724.934171000003,SAT,,0.223,
239,237,1,64.42321664487984,0,3600.0,-1,46.613725,0.0,1,64.42321664487984,0,4771.547896000003,SAT,,0.217,
240,238,1,32.11083070341815,0,3600.0,-1,46.672564,0.0,1,32.11083070341815,0,4818.220460000003,SAT,,0.237,
241,239,1,29.97586611009061,0,3600.0,-1,46.732939,0.0,1,29.97586611009061,0,4864.953399000004,SAT,,0.253,
242,240,1,31.780320262259725,0,3600.0,-1,46.789686,0.0,1,31.780320262259725,0,4911.743085000004,SAT,,0.311,
243,241,1,16.972785248145982,0,3600.0,-1,46.845011,0.0,1,16.972785248145982,0,4958.588096000004,SAT,,0.317,
244,242,1,38.76559111689457,0,3600.0,-1,46.911514,0.0,1,38.76559111689457,0,5005.499610000004,SAT,,0.286,
245,243,1,166.3809003639245,0,3600.0,-1,46.970901,0.0,1,166.3809003639245,0,5052.470511000004,SAT,,0.205,
246,244,1,62.60304801521818,0,3600.0,-1,47.028298,0.0,1,62.60304801521818,0,5099.498809000004,SAT,,0.269,
247,245,1,111.64472845059127,0,3600.0,-1,47.082658,0.0,1,111.64472845059127,0,5146.5814670000045,SAT,,0.244,
248,246,1,51.35708966162905,0,3600.0,-1,47.14579,0.0,1,51.35708966162905,0,5193.727257000004,SAT,,0.245,
249,247,1,5.622433971857296,0,3600.0,-1,47.196223,0.0,1,5.622433971857296,0,5240.923480000004,SAT,,0.191,
250,248,1,43.57430600631433,0,3600.0,-1,47.250111,0.0,1,43.57430600631433,0,5288.173591000004,SAT,,0.205,
251,249,1,47.7987872286666,0,3600.0,-1,47.314775,0.0,1,47.7987872286666,0,5335.488366000004,SAT,,0.255,
252,250,1,65.8186063319317,0,3600.0,-1,47.369739,0.0,1,65.8186063319317,0,5382.858105000004,SAT,,0.236,
253,251,1,130.56211784744298,0,3600.0,-1,47.429731,0.0,1,130.56211784744298,0,5430.287836000004,SAT,,0.256,
254,252,1,40.445813351021634,0,3600.0,-1,47.478866,0.0,1,40.445813351021634,0,5477.766702000004,SAT,,0.292,
255,253,1,87.16025946627731,0,3600.0,-1,47.552056,0.0,1,87.16025946627731,0,5525.318758000005,SAT,,0.317,
256,254,1,37.018649103647846,0,3600.0,-1,47.611323,0.0,1,37.018649103647846,0,5572.930081000005,SAT,,0.191,
257,255,1,241.91660884190378,0,3600.0,-1,47.677412,0.0,1,241.91660884190378,0,5620.607493000005,SAT,,0.288,
258,256,1,71.20826959104146,0,3600.0,-1,47.735695,0.0,1,71.20826959104146,0,5668.343188000005,SAT,,0.276,
259,257,1,152.92629582575054,0,3600.0,-1,47.803149,0.0,1,152.92629582575054,0,5716.146337000006,SAT,,0.242,
260,258,1,24.768649991844942,0,3600.0,-1,47.871866,0.0,1,24.768649991844942,0,5764.018203000006,SAT,,0.314,
261,259,1,452.17786938692666,0,3600.0,-1,47.922909,0.0,1,452.17786938692666,0,5811.941112000006,SAT,,0.232,
262,260,1,35.754113184392814,0,3600.0,-1,47.975761,0.0,1,35.754113184392814,0,5859.916873000006,SAT,,0.227,
263,261,1,42.55802674965281,0,3600.0,-1,48.03536,0.0,1,42.55802674965281,0,5907.952233000005,SAT,,0.14,
264,262,1,38.37739181960943,0,3600.0,-1,48.090153,0.0,1,38.37739181960943,0,5956.0423860000055,SAT,,0.228,
265,263,1,70.46683458271471,0,3600.0,-1,48.146118,0.0,1,70.46683458271471,0,6004.188504000005,SAT,,0.122,
266,264,1,39.04086117817825,0,3600.0,-1,48.205576,0.0,1,39.04086117817825,0,6052.3940800000055,SAT,,0.18,
267,265,1,31.41971999129729,0,3600.0,-1,48.267258,0.0,1,31.41971999129729,0,6100.661338000005,SAT,,0.407,
268,266,1,57.34538472309216,0,3600.0,-1,48.328009,0.0,1,57.34538472309216,0,6148.989347000005,SAT,,0.239,
269,267,1,78.51029313511631,0,3600.0,-1,48.387878,0.0,1,78.51029313511631,0,6197.377225000006,SAT,,0.309,
270,268,1,97.04315750007389,0,3600.0,-1,48.451179,0.0,1,97.04315750007389,0,6245.828404000005,SAT,,0.241,
271,269,1,174.6455785274248,0,3600.0,-1,48.522391,0.0,1,174.6455785274248,0,6294.350795000006,SAT,,0.251,
272,270,1,38.331787621066404,0,3600.0,-1,48.584309,0.0,1,38.331787621066404,0,6342.935104000006,SAT,,0.23,
273,271,1,42.83220887101555,0,3600.0,-1,48.648576,0.0,1,42.83220887101555,0,6391.583680000005,SAT,,0.241,
274,272,1,49.81564901452192,0,3600.0,-1,48.705111,0.0,1,49.81564901452192,0,6440.288791000005,SAT,,0.334,
275,273,1,8.630564063938607,0,3600.0,-1,48.761878,0.0,1,8.630564063938607,0,6489.050669000006,SAT,,0.228,
276,274,1,138.72208278338482,0,3600.0,-1,48.831739999999996,0.0,1,138.72208278338482,0,6537.882409000005,SAT,,0.354,
277,275,1,7.818764246895157,0,3600.0,-1,48.882287,0.0,1,7.818764246895157,0,6586.764696000006,SAT,,0.18,
278,276,1,56.46780125675635,0,3600.0,-1,48.941399,0.0,1,56.46780125675635,0,6635.706095000006,SAT,,0.235,
279,277,1,140.79371542133248,0,3600.0,-1,48.994852,0.0,1,140.79371542133248,0,6684.700947000006,SAT,,0.232,
280,278,1,201.22921174658566,0,3600.0,-1,49.040937,0.0,1,201.22921174658566,0,6733.7418840000055,SAT,,0.216,
281,279,1,156.3324014422822,0,3600.0,-1,49.091017,0.0,1,156.3324014422822,0,6782.832901000005,SAT,,0.179,
282,280,1,15.98284887469693,0,3600.0,-1,49.152269,0.0,1,15.98284887469693,0,6831.985170000005,SAT,,0.268,
283,281,1,70.83325855040002,0,3600.0,-1,49.2157,0.0,1,70.83325855040002,0,6881.200870000005,SAT,,0.227,
284,282,1,163.70519307694772,0,3600.0,-1,49.269851,0.0,1,163.70519307694772,0,6930.470721000005,SAT,,0.22,
285,283,1,39.69176557802485,0,3600.0,-1,49.33624,0.0,1,39.69176557802485,0,6979.806961000005,SAT,,0.306,
286,284,1,9.366601633304573,0,3600.0,-1,49.406099,0.0,1,9.366601633304573,0,7029.213060000005,SAT,,0.288,
287,285,1,58.736292816791305,0,3600.0,-1,49.473683,0.0,1,58.736292816791305,0,7078.686743000005,SAT,,0.205,
288,286,1,155.31748550827916,0,3600.0,-1,49.527907,0.0,1,155.31748550827916,0,7128.214650000004,SAT,,0.235,
289,287,1,92.26080492116256,0,3600.0,-1,49.587112,0.0,1,92.26080492116256,0,7177.801762000005,SAT,,0.315,
290,288,1,3.6928237711372294,0,3600.0,-1,49.631589,0.0,1,3.6928237711372294,0,7227.433351000004,SAT,,0.253,
291,289,1,54.100387899448734,0,3600.0,-1,49.69314,0.0,1,54.100387899448734,0,7277.1264910000045,SAT,,0.286,
292,290,1,18.383689979484895,0,3600.0,-1,49.750551,0.0,1,18.383689979484895,0,7326.877042000005,SAT,,0.317,
293,291,1,51.54417990083641,0,3600.0,-1,49.799509,0.0,1,51.54417990083641,0,7376.676551000005,SAT,,0.317,
294,292,1,248.49840917040186,0,3600.0,-1,49.853217,0.0,1,248.49840917040186,0,7426.529768000005,SAT,,0.184,
295,293,1,71.44630070090832,0,3600.0,-1,49.907655,0.0,1,71.44630070090832,0,7476.437423000005,SAT,,0.212,
296,294,1,30.75403548347877,0,3600.0,-1,49.968973,0.0,1,30.75403548347877,0,7526.406396000005,SAT,,0.333,
297,295,1,6.2711778001669245,0,3600.0,-1,50.027993,0.0,1,6.2711778001669245,0,7576.434389000005,SAT,,0.284,
298,296,1,30.089212923072544,0,3600.0,-1,50.091883,0.0,1,30.089212923072544,0,7626.526272000005,SAT,,0.297,
299,297,1,22.059536775524855,0,3600.0,-1,50.163776,0.0,1,22.059536775524855,0,7676.690048000005,SAT,,0.282,
300,298,1,165.38074052119902,0,3600.0,-1,50.224432,0.0,1,165.38074052119902,0,7726.914480000005,SAT,,0.27,
